,nome,idade,cpf,sexo,email,telefone
0,Rodrigo Iago Fernando Moraes,54,849.092.489-94,Masculino,rodrigoiagofernandomoraes-72@corp.globo.com,99735-6203
1,Isabel Emily Luzia Melo,67,007.572.712-94,Feminino,isabelemilyluziamelo_@rebecacometerra.com.br,98888-6608
2,Sophie Melissa Rodrigues,45,984.933.928-47,Feminino,sophiemelissarodrigues..sophiemelissarodrigues@panevale.com.br,98650-0987
3,Arthur Luiz Thales Costa,42,772.226.562-60,Masculino,aarthurluizthalescosta@attglobal.net,99741-1297
4,Aline Isabel Almeida,71,847.341.458-65,Feminino,alineisabelalmeida__alineisabelalmeida@ideiaviva.com.br,99546-3478
5,Gabrielly Francisca Carolina Melo,74,595.345.160-15,Feminino,gabriellyfranciscacarolinamelo..gabriellyfranciscacarolinamelo@yahoo.co.uk,99533-7997
6,Elza Heloise Catarina da Rosa,68,427.701.027-02,Feminino,elzaheloisecatarinadarosa..elzaheloisecatarinadarosa@tia.mat.br,98747-4458
7,Cláudia Rafaela Sônia Oliveira,42,212.694.206-66,Feminino,cclaudiarafaelasoniaoliveira@lvnonline.com.be,99302-6636
8,Hadassa Letícia Sandra Almada,48,630.762.538-40,Feminino,hhadassaleticiasandraalmada@bds.com.br,99464-8458
9,Lucas Vinicius Costa,23,761.481.029-51,Masculino,lucasviniciuscosta_@balloons.com.br,98534-5515
10,Regina Manuela Giovanna Costa,19,065.309.131-14,Feminino,reginamanuelagiovannacosta__reginamanuelagiovannacosta@gilbertorodrigues.com,99624-6199
11,Antônia Isabela Esther Fernandes,61,348.803.466-67,Feminino,antoniaisabelaestherfernandes__antoniaisabelaestherfernandes@engenharia.ufjf.br,98834-5177
12,Lívia Maya Nunes,28,921.632.816-98,Feminino,liviamayanunes-87@akto.com.br,99740-1818
13,Rosa Yasmin Tatiane Carvalho,68,478.388.033-65,Feminino,rosayasmintatianecarvalho-78@mundivox.com.br,98309-0827
14,Vanessa Fabiana Corte Real,57,557.502.654-04,Feminino,vvanessafabianacortereal@konekoshouten.com.br,99902-6971
15,Liz Mariah Antonella Carvalho,18,571.305.157-91,Feminino,llizmariahantonellacarvalho@zipmail.com,99751-7576
16,Lucas Isaac Silveira,63,930.043.086-65,Masculino,lucasisaacsilveira__lucasisaacsilveira@icloud.con,98895-5169
17,Pietro Kaique da Paz,73,916.538.228-56,Masculino,pietrokaiquedapaz_@ceuazul.ind.br,99824-8239
18,Iago Arthur da Mota,64,698.749.186-08,Masculino,iagoarthurdamota__iagoarthurdamota@plani.com.br,98866-5873
19,Natália Fátima Letícia Caldeira,49,169.240.069-06,Feminino,nataliafatimaleticiacaldeira-81@globomail.com,99662-2129
20,Ian Oliver Pedro Henrique Pinto,71,608.768.447-60,Masculino,ianoliverpedrohenriquepinto-97@eletrotex.com.br,99658-1439
21,Joana Lorena Stella Moura,41,660.727.185-58,Feminino,joanalorenastellamoura..joanalorenastellamoura@lordello.com.br,99735-0216
22,Daniel Vinicius Mateus da Mata,30,534.969.802-81,Masculino,danielviniciusmateusdamata-77@slb.com,99749-6373
23,Débora Priscila da Mata,64,890.998.519-44,Feminino,deboraprisciladamata__deboraprisciladamata@fpsgeodata.com.br,98241-9799
24,Valentina Sabrina Letícia Monteiro,76,543.363.182-63,Feminino,valentinasabrinaleticiamonteiro__valentinasabrinaleticiamonteiro@jmmarcenaria.com.br,98959-8136
25,Anthony Pietro César da Rocha,69,383.741.684-47,Masculino,anthonypietrocesardarocha-90@tigra.com.br,98808-5713
26,Bento Lucas Geraldo Moraes,73,597.413.388-99,Masculino,bentolucasgeraldomoraes-98@novaequipem.com.br,98723-2920
27,Márcia Fernanda Nunes,70,146.386.023-47,Feminino,marciafernandanunes_@deze7.com.br,98308-1252
28,Paulo Raul Iago da Rocha,26,829.200.184-00,Masculino,ppaulorauliagodarocha@ficopola.net,99797-8564
29,Cláudio Juan Augusto Freitas,66,296.347.392-37,Masculino,claudiojuanaugustofreitas..claudiojuanaugustofreitas@temavonfeccaosjc.com.br,99590-2776
30,Marcelo Gabriel Pinto,29,070.238.911-02,Masculino,mmarcelogabrielpinto@machina8.com.br,98943-1634
31,Oliver Gustavo João Cardoso,18,962.058.816-91,Masculino,oolivergustavojoaocardoso@machina8.com.br,98661-2827
32,Sebastiana Isabelle Analu Gonçalves,49,033.793.524-62,Feminino,sebastianaisabelleanalugoncalves_@murosterrae.com.br,98365-7760
33,Erick Calebe Santos,71,800.838.983-44,Masculino,erickcalebesantos__erickcalebesantos@resource.com.br,98815-6432
34,Danilo Victor Samuel da Rosa,76,751.160.223-15,Masculino,danilovictorsamueldarosa-98@recantoalmeida.com.br,99406-9707
35,Mariah Silvana Daiane da Costa,50,756.440.893-63,Feminino,mariahsilvanadaianedacosta__mariahsilvanadaianedacosta@deltaturismo.com.br,98302-8672
36,Alexandre Bernardo Theo Porto,43,384.375.972-34,Masculino,alexandrebernardotheoporto_@negocios-de-valor.com,98524-9249
37,Liz Teresinha Lima,72,156.030.341-73,Feminino,llizteresinhalima@eletrovip.com,98330-1857
38,Isabel Stefany Kamilly da Cunha,36,119.528.162-54,Feminino,isabelstefanykamillydacunha_@depotit.com.br,99798-1092
39,Caio Vitor Thiago Souza,39,935.488.398-27,Masculino,caiovitorthiagosouza..caiovitorthiagosouza@lctour.com.br,99882-1868
40,Giovanni Leandro dos Santos,62,069.960.177-00,Masculino,giovannileandrodossantos..giovannileandrodossantos@vegacon.com.br,99171-7973
41,Geraldo Marcelo Araújo,23,872.191.074-04,Masculino,geraldomarceloaraujo-75@tce.am.gov.br,99718-7534
42,Marli Luana Laís da Mata,32,671.164.341-00,Feminino,marliluanalaisdamata_@madhause.com.br,98546-6964
43,Letícia Isabella Clarice Assis,76,039.574.706-68,Feminino,leticiaisabellaclariceassis_@accent.com.br,99105-6160
44,Lavínia Tatiane Souza,49,629.525.815-84,Feminino,laviniatatianesouza..laviniatatianesouza@lojascentrodamoda.com.br,98358-7810
45,Alessandra Olivia Maria Castro,55,558.132.031-41,Feminino,alessandraoliviamariacastro__alessandraoliviamariacastro@alanamaral.com.br,98810-3713
46,Patrícia Rebeca da Conceição,55,656.805.214-07,Feminino,patriciarebecadaconceicao-94@plenamenterh.com.br,98207-4331
47,Vicente Rafael Cauã da Mata,59,110.234.167-35,Masculino,vicenterafaelcauadamata..vicenterafaelcauadamata@cenavip.com.br,98106-6737
48,Calebe Ruan Luís Peixoto,46,561.180.540-02,Masculino,caleberuanluispeixoto-76@embraer.com.br,98365-9226
49,Cauê Francisco Figueiredo,46,470.346.180-38,Masculino,cauefranciscofigueiredo-85@jerasistemas.com.br,99101-2528
50,Clarice Liz Laura Moreira,41,926.507.262-88,Feminino,claricelizlauramoreira_@jeffersonbarroso.com.br,98169-4265
51,Daniela Isabelle Nicole da Silva,37,634.057.991-47,Feminino,danielaisabellenicoledasilva__danielaisabellenicoledasilva@pp33.com.br,99436-6036
52,Diogo César Bryan Caldeira,42,798.072.586-77,Masculino,diogocesarbryancaldeira__diogocesarbryancaldeira@arosacampinas.com.br,99110-4842
53,Felipe Yago da Paz,67,228.211.092-70,Masculino,felipeyagodapaz_@acesse.net,98445-1835
54,Erick Heitor Ferreira,40,414.713.618-45,Masculino,eerickheitorferreira@yahoo.de,99347-6435
55,Daniela Mariah Duarte,69,310.372.486-19,Feminino,danielamariahduarte-78@lineubravo.com.br,99543-8256
56,Brenda Daiane Maitê da Silva,52,536.541.509-42,Feminino,brendadaianemaitedasilva__brendadaianemaitedasilva@scalioni.com.br,98859-3434
57,Márcio Thales Novaes,55,634.031.247-03,Masculino,marciothalesnovaes-90@novaface.com.br,99922-3939
58,Kamilly Melissa Simone Barros,74,728.417.334-32,Feminino,kamillymelissasimonebarros_@recnev.com.br,98375-1629
59,Mariana Sarah Dias,45,960.402.863-42,Feminino,marianasarahdias..marianasarahdias@etep.edu.br,98248-6639
60,Ester Rafaela Heloise Rodrigues,53,160.127.654-01,Feminino,esterrafaelaheloiserodrigues__esterrafaelaheloiserodrigues@telefonica.com,99719-2692
61,Maria Sophie Catarina Gomes,68,064.965.474-91,Feminino,mariasophiecatarinagomes-82@mmarques.com,98359-9476
62,Nicolas Pedro Renan da Costa,71,914.357.881-09,Masculino,nicolaspedrorenandacosta__nicolaspedrorenandacosta@lojascentrodamoda.com.br,98935-7033
63,Gabriela Eloá Luana das Neves,76,312.605.437-49,Feminino,gabrielaeloaluanadasneves_@uzgames.com,99808-7511
64,Esther Rebeca Almada,64,405.016.250-46,Feminino,estherrebecaalmada-97@hidracom.com.br,99699-1832
65,Gabriela Laura Pereira,61,950.092.401-30,Feminino,gabrielalaurapereira..gabrielalaurapereira@dc4.com.br,99242-8499
66,Bruna Eduarda Aragão,29,473.720.908-22,Feminino,brunaeduardaaragao-77@3dmaker.com.br,99541-8245
67,Giovanni Lucas Gabriel Ramos,47,326.782.996-86,Masculino,ggiovannilucasgabrielramos@agacapital.com.br,98654-1484
68,Alícia Sophia da Conceição,26,501.264.398-42,Feminino,aliciasophiadaconceicao-75@bidoul.eng.br,99988-3509
69,Adriana Lívia Gonçalves,28,740.896.338-34,Feminino,adrianaliviagoncalves__adrianaliviagoncalves@db4.com.br,99763-9878
70,Lucca Thiago Caldeira,47,264.874.862-80,Masculino,lluccathiagocaldeira@carvajal.com,99820-2426
71,Luan Renato Moreira,62,805.126.558-04,Masculino,luanrenatomoreira__luanrenatomoreira@foz.com.br,99299-9191
72,Renata Kamilly da Silva,58,842.289.195-61,Feminino,renatakamillydasilva__renatakamillydasilva@abrangenciacorretora.com.br,99307-2257
73,Fabiana Mariana Josefa Pereira,54,713.891.645-00,Feminino,ffabianamarianajosefapereira@s2solucoes.com.br,99198-8850
74,Camila Tânia Daiane Lima,50,393.578.872-02,Feminino,camilataniadaianelima..camilataniadaianelima@structureesquadrias.com.br,98910-4609
75,Beatriz Alessandra da Mota,40,916.522.197-49,Feminino,beatrizalessandradamota..beatrizalessandradamota@marmorariauchoa.com,98891-1394
76,André Davi Thales Duarte,58,591.425.871-58,Masculino,aandredavithalesduarte@alcastro.com.br,98133-6866
77,Joana Kamilly Campos,49,927.319.391-92,Feminino,joanakamillycampos..joanakamillycampos@2014fwcao.com,98551-9736
78,Antonio João Heitor Duarte,39,162.255.821-93,Masculino,antoniojoaoheitorduarte__antoniojoaoheitorduarte@triunfante.com.br,98415-0577
79,Alessandra Elaine Novaes,78,739.993.980-27,Feminino,alessandraelainenovaes..alessandraelainenovaes@holtmail.com,98239-1522
80,Geraldo Henrique Dias,66,546.830.426-06,Masculino,geraldohenriquedias_@zian.com.br,98757-5881
81,Nathan Carlos Eduardo Souza,30,567.626.975-85,Masculino,nathancarloseduardosouza-74@panfletosecia.com,99661-8085
82,Manuel Carlos Eduardo Vieira,62,115.215.927-56,Masculino,manuelcarloseduardovieira__manuelcarloseduardovieira@tanet.com.br,98142-7904
83,Henry Gustavo Lucca Alves,20,794.375.251-10,Masculino,henrygustavoluccaalves_@clcimoveis.com.br,99970-0287
84,Isaac Nelson Porto,40,513.567.520-55,Masculino,isaacnelsonporto_@gmx.de,99540-6863
85,Nair Eduarda Araújo,49,020.871.057-40,Feminino,naireduardaaraujo..naireduardaaraujo@solviagens.com,99995-4288
86,Amanda Jennifer Figueiredo,51,780.493.251-05,Feminino,amandajenniferfigueiredo-75@wikimetal.com.br,98806-9265
87,Raimundo Enrico Davi Rezende,35,677.785.380-40,Masculino,raimundoenricodavirezende_@robiel.com.br,98966-2444
88,Bernardo Manoel Benjamin Teixeira,78,804.426.645-32,Masculino,bbernardomanoelbenjaminteixeira@img.com.br,99670-5609
89,Nicolas Vicente Alves,80,397.448.618-60,Masculino,nicolasvicentealves__nicolasvicentealves@r7.com,99873-2062
90,Tânia Luna Natália Nunes,38,442.667.302-09,Feminino,ttanialunanatalianunes@tursi.com.br,98693-9696
91,Theo Noah Benedito Gomes,26,308.994.567-31,Masculino,ttheonoahbeneditogomes@csjsistemas.com.br,99244-2025
92,Rita Sabrina Cardoso,23,655.800.789-43,Feminino,ritasabrinacardoso_@vhbadvogados.com.br,99127-1212
93,Henry Leandro da Rocha,77,578.008.244-89,Masculino,hhenryleandrodarocha@vick1.com.br,99669-6644
94,Isaac Ruan Fernandes,72,448.100.899-75,Masculino,isaacruanfernandes..isaacruanfernandes@51hotmail.com,98894-7060
95,Daniel Francisco Hugo Silveira,46,464.462.963-47,Masculino,danielfranciscohugosilveira_@supercarioca.com,99469-8326
96,Raul Thiago Assis,30,381.921.304-01,Masculino,raulthiagoassis..raulthiagoassis@selfcd.com.br,99349-4771
97,Marli Amanda Olivia dos Santos,34,936.150.885-73,Feminino,marliamandaoliviadossantos__marliamandaoliviadossantos@ieee.org,98159-3095
98,Thiago César Oliveira,35,464.975.744-41,Masculino,thiagocesaroliveira-93@br.rhodia.com,99638-0988
99,Olivia Maitê Aparício,73,051.850.047-03,Feminino,oliviamaiteaparicio_@51hotmail.com,99361-6712
100,Vitória Sabrina Letícia Barbosa,38,783.042.482-98,Feminino,vvitoriasabrinaleticiabarbosa@righettorosa.com.br,99565-7310
101,Gabriel Igor de Paula,70,767.317.969-56,Masculino,gabrieligordepaula__gabrieligordepaula@statusseguros.com.br,99780-5934
102,Osvaldo Kauê Vitor Melo,40,725.218.203-77,Masculino,osvaldokauevitormelo__osvaldokauevitormelo@agacapital.com.br,98246-4229
103,Vitor Igor Lima,70,502.316.726-75,Masculino,vitorigorlima_@kascher.com.br,99602-4127
104,Bernardo Victor Erick Souza,22,068.730.383-42,Masculino,bbernardovictorericksouza@onvale.com,99551-5125
105,Alessandra Rosa da Mota,18,321.487.365-23,Feminino,alessandrarosadamota__alessandrarosadamota@delfrateinfo.com.br,99705-8381
106,Carolina Nicole Betina da Cruz,69,872.480.576-90,Feminino,carolinanicolebetinadacruz..carolinanicolebetinadacruz@keffin.com.br,99767-5202
107,Luciana Alice Isabelle da Mata,53,145.381.979-71,Feminino,lucianaaliceisabelledamata-86@mrarquitetura.com.br,99444-3610
108,Maya Eliane da Mota,60,140.360.592-03,Feminino,mayaelianedamota_@kaynak.com.br,98843-4530
109,Noah Nicolas Anthony Moreira,52,781.819.402-96,Masculino,noahnicolasanthonymoreira_@spires.com.br,98255-7107
110,Theo Emanuel Assunção,53,229.939.866-00,Masculino,theoemanuelassuncao__theoemanuelassuncao@fileno.com.br,99869-4108
111,Ian Yuri Assis,37,143.278.572-97,Masculino,ianyuriassis_@i9tec.com.br,98881-1332
112,Melissa Flávia Viana,80,403.023.723-18,Feminino,melissaflaviaviana_@centerdiesel.com.br,98516-4232
113,Giovanni Manoel Vicente da Luz,51,193.943.439-46,Masculino,giovannimanoelvicentedaluz..giovannimanoelvicentedaluz@avoeazul.com.br,98959-4360
114,Eduarda Luiza Rodrigues,42,668.829.674-82,Feminino,eduardaluizarodrigues__eduardaluizarodrigues@boiago.com.br,99886-2106
115,Marcela Valentina Nunes,77,988.477.844-25,Feminino,marcelavalentinanunes..marcelavalentinanunes@iaru.com.br,98462-1219
116,Samuel Antonio Geraldo Jesus,50,231.211.272-84,Masculino,samuelantoniogeraldojesus__samuelantoniogeraldojesus@gimail.com,98744-2245
117,Luan Anderson Moreira,50,275.307.099-76,Masculino,luanandersonmoreira__luanandersonmoreira@unitau.com.br,99144-2760
118,Levi Manoel Monteiro,26,927.866.211-94,Masculino,levimanoelmonteiro__levimanoelmonteiro@uol.om.br,98875-9934
119,Olivia Kamilly Yasmin Cavalcanti,51,809.366.798-91,Feminino,oliviakamillyyasmincavalcanti__oliviakamillyyasmincavalcanti@fosjc.unesp.br,98450-9240
120,Giovana Catarina Santos,34,964.836.719-11,Feminino,giovanacatarinasantos-70@simsvale.com.br,99207-3960
121,Ana Elaine Allana Peixoto,20,286.556.149-63,Feminino,anaelaineallanapeixoto..anaelaineallanapeixoto@chalu.com.br,98919-9986
122,Daniel Caleb Pires,44,556.730.929-54,Masculino,ddanielcalebpires@detorsul.com,99851-2729
123,Samuel Davi Filipe da Cunha,24,302.250.753-42,Masculino,ssamueldavifilipedacunha@hersa.com.br,98645-7185
124,Benedito Matheus Corte Real,73,419.330.209-11,Masculino,beneditomatheuscortereal_@br.nestle.com,99798-6099
125,Heitor Osvaldo Almeida,63,734.177.762-10,Masculino,hheitorosvaldoalmeida@sygma.com.br,99846-5518
126,Yago Osvaldo da Mota,32,250.206.123-75,Masculino,yagoosvaldodamota_@ctfmgacc.org.br,99409-6215
127,Benedito Thales Aparício,75,136.397.864-08,Masculino,beneditothalesaparicio__beneditothalesaparicio@lexos.com.br,99699-4074
128,Danilo Yago Antonio de Paula,49,006.492.504-86,Masculino,daniloyagoantoniodepaula_@wnetrj.com.br,99649-0341
129,Mariana Camila Martins,68,962.470.038-97,Feminino,marianacamilamartins__marianacamilamartins@ovale.com.br,98481-1099
130,Bernardo Renato Nogueira,23,868.398.808-26,Masculino,bernardorenatonogueira..bernardorenatonogueira@ambiente.sp.gov.br,98753-8725
131,Isabela Cristiane Ayla da Paz,19,128.361.930-00,Feminino,isabelacristianeayladapaz..isabelacristianeayladapaz@lavabit.com,99249-7919
132,Bryan Davi Gael Cavalcanti,72,725.716.486-08,Masculino,bryandavigaelcavalcanti__bryandavigaelcavalcanti@hardquality.com.br,98634-4025
133,Clarice Camila Novaes,57,860.131.115-61,Feminino,claricecamilanovaes..claricecamilanovaes@yahoo.se,99728-3612
134,Lúcia Silvana da Silva,36,328.116.772-16,Feminino,lluciasilvanadasilva@tanet.com.br,99444-7651
135,Joana Lara Liz Moraes,68,367.059.950-92,Feminino,joanalaralizmoraes..joanalaralizmoraes@pibnet.com.br,99394-0521
136,Caleb Ricardo Daniel Barbosa,67,811.568.230-64,Masculino,calebricardodanielbarbosa_@gruposantin.com.br,98287-9775
137,Benedita Rosângela Teixeira,44,006.802.255-79,Feminino,beneditarosangelateixeira__beneditarosangelateixeira@bzness.com.br,99339-6530
138,Lucca Marcos Vinicius de Paula,63,587.673.220-69,Masculino,lluccamarcosviniciusdepaula@fabiooliva.com.br,99469-3551
139,Pietra Eliane Moreira,35,382.106.653-91,Feminino,pietraelianemoreira-98@htomail.com,98724-3272
140,Matheus Edson Geraldo Figueiredo,78,904.222.024-44,Masculino,matheusedsongeraldofigueiredo-97@rafaeladson.com,99295-8895
141,Aurora Flávia Lopes,41,323.078.530-49,Feminino,auroraflavialopes__auroraflavialopes@huggoromano.com,98617-0333
142,Vitor Davi Moraes,61,856.186.271-83,Masculino,vitordavimoraes_@oxiteno.com,99966-6730
143,Josefa Isabel Lavínia Viana,45,430.125.860-40,Feminino,josefaisabellaviniaviana-73@usp.br,98145-7524
144,Davi Sérgio Rodrigues,24,762.859.035-73,Masculino,davisergiorodrigues-71@agenciaph.com,98478-0856
145,Adriana Elza da Silva,75,829.518.200-54,Feminino,aadrianaelzadasilva@gringa360.com.br,98510-3483
146,Yasmin Marlene da Conceição,61,604.184.916-23,Feminino,yasminmarlenedaconceicao-76@gameecia.com.br,98889-0936
147,Milena Vera Aparício,58,129.976.459-21,Feminino,milenaveraaparicio..milenaveraaparicio@revati.com.br,99266-8047
148,Rosa Laura Isabella Castro,35,924.297.441-20,Feminino,rosalauraisabellacastro-79@live.com,98183-6883
149,Nelson Benício Leandro Gonçalves,32,192.436.745-95,Masculino,nelsonbenicioleandrogoncalves_@projetemovelaria.com.br,98535-7886
150,Lavínia Daiane Mariah Gomes,77,046.821.137-39,Feminino,laviniadaianemariahgomes_@vasconcelosdias.com,98605-3167
151,Nicolas Ian Levi da Cunha,21,775.385.021-06,Masculino,nicolasianlevidacunha_@vetech.vet.br,99512-5010
152,Daniela Vanessa Bárbara Oliveira,29,372.597.355-54,Feminino,danielavanessabarbaraoliveira-98@toyota.com.br,99470-1198
153,Sebastião Roberto Oliveira,61,212.461.821-06,Masculino,ssebastiaorobertooliveira@vizzacchi.com.br,98758-4655
154,Hugo Luan Bernardo Souza,75,563.134.028-39,Masculino,hugoluanbernardosouza..hugoluanbernardosouza@cpfl.com.br,98716-8614
155,Manuel Carlos Raul Oliveira,47,488.842.751-80,Masculino,manuelcarlosrauloliveira..manuelcarlosrauloliveira@fojsc.unesp.br,98193-5574
156,Yuri Lucca Almeida,18,232.586.095-78,Masculino,yuriluccaalmeida_@fepextrusao.com.br,98135-0733
157,Benedita Sophie Sabrina Assunção,71,920.138.474-24,Feminino,beneditasophiesabrinaassuncao..beneditasophiesabrinaassuncao@resource.com.br,99573-9222
158,Enzo Sebastião Raul das Neves,37,033.324.302-11,Masculino,enzosebastiaorauldasneves_@vitacard.com.br,99810-1758
159,Olivia Amanda Clara Oliveira,73,789.250.032-44,Feminino,oliviaamandaclaraoliveira-75@br.flextronics.com,98728-3700
160,Isabella Isadora da Mota,76,148.273.497-46,Feminino,isabellaisadoradamota..isabellaisadoradamota@bcconsult.com.br,98977-8946
161,Renata Sebastiana Barros,18,079.659.861-40,Feminino,renatasebastianabarros_@gripoantonin.com,98799-7219
162,Sabrina Julia Jesus,69,332.294.301-15,Feminino,sabrinajuliajesus..sabrinajuliajesus@novaequipem.com.br,98128-5719
163,Kamilly Aparecida Monteiro,69,432.132.042-93,Feminino,kamillyaparecidamonteiro__kamillyaparecidamonteiro@dsladvogados.adv.br,99474-8051
164,José Pedro Henrique Miguel Fernandes,62,961.120.260-15,Masculino,josepedrohenriquemiguelfernandes_@pisbrasil.com.br,99502-2900
165,Daniela Lívia Brenda Fernandes,76,138.269.539-08,Feminino,danielaliviabrendafernandes__danielaliviabrendafernandes@kuehne-nagel.com,98970-8440
166,Ian Enrico Nelson Almada,80,341.935.448-77,Masculino,ianenriconelsonalmada..ianenriconelsonalmada@gabiaatelier.com.br,99702-6912
167,Luan Fábio das Neves,54,856.304.697-70,Masculino,luanfabiodasneves..luanfabiodasneves@alwan.com.br,98535-1466
168,Kauê Nicolas Viana,28,151.687.319-02,Masculino,kauenicolasviana..kauenicolasviana@profiledesign.com.br,98873-5150
169,Benedita Mariane Farias,24,191.030.096-96,Feminino,beneditamarianefarias-99@trimempresas.com.br,99734-3353
170,Ricardo Manoel Novaes,47,342.393.803-08,Masculino,ricardomanoelnovaes-79@cruiser.com.br,98617-0286
171,Patrícia Rayssa Cristiane Jesus,53,650.967.500-51,Feminino,ppatriciarayssacristianejesus@tivit.com.br,98579-0409
172,Pedro Henrique Jorge Nicolas Pires,36,643.026.199-96,Masculino,pedrohenriquejorgenicolaspires__pedrohenriquejorgenicolaspires@petrobrais.com.br,98802-1562
173,Isabella Bruna de Paula,73,323.724.085-00,Feminino,isabellabrunadepaula..isabellabrunadepaula@integrasjc.com.br,98622-4536
174,Nicole Isabela Gabrielly Castro,40,702.748.706-30,Feminino,nicoleisabelagabriellycastro-95@cartovale.com.br,99105-7837
175,Isabelly Sônia Bernardes,74,432.925.682-77,Feminino,isabellysoniabernardes_@fcacomputers.com.br,99382-4978
176,Carlos Yuri Drumond,27,425.426.518-25,Masculino,carlosyuridrumond..carlosyuridrumond@tce.am.gov.br,99390-5348
177,Liz Luiza Aline da Mota,68,715.309.907-77,Feminino,llizluizaalinedamota@redealumni.com,99115-1033
178,Henry Elias Caio Castro,20,991.720.957-33,Masculino,henryeliascaiocastro-76@conexao.com,99328-0538
179,Nathan Murilo da Mota,79,177.270.216-10,Masculino,nathanmurilodamota-99@tigertimoveis.com,99116-0627
180,Malu Bianca Alves,27,021.068.863-73,Feminino,malubiancaalves-91@seal.com.br,99320-6043
181,Osvaldo Enrico Benício dos Santos,63,610.041.052-40,Masculino,oosvaldoenricobeniciodossantos@jammer.com.br,99699-3580
182,Rafael André Sebastião Almeida,29,091.432.425-02,Masculino,rafaelandresebastiaoalmeida..rafaelandresebastiaoalmeida@nine9.com.br,99602-6535
183,Lorenzo Mateus Marcos Silva,25,326.129.623-28,Masculino,lorenzomateusmarcossilva..lorenzomateusmarcossilva@achievecidadenova.com.br,99529-6700
184,Renata Rita Cardoso,77,727.922.001-03,Feminino,rrenataritacardoso@ornatopresentes.com.br,99447-3618
185,Ruan Lucca da Conceição,18,946.904.032-52,Masculino,ruanluccadaconceicao-91@prohaska.com.br,98264-4200
186,Luna Benedita Araújo,44,667.665.239-05,Feminino,lunabeneditaaraujo_@sfranconsultoria.com.br,98265-5763
187,Ruan Gael Yago Martins,33,005.475.800-96,Masculino,ruangaelyagomartins..ruangaelyagomartins@construtoraplaneta.com.br,99744-9940
188,Matheus Roberto Thiago Barbosa,74,796.255.097-04,Masculino,matheusrobertothiagobarbosa__matheusrobertothiagobarbosa@realbit.com.br,98346-1316
189,Rebeca Josefa da Paz,51,794.468.606-79,Feminino,rebecajosefadapaz-72@nelsoncosta.com.br,98914-6215
190,Antônia Aurora Evelyn Mendes,39,965.400.634-07,Feminino,antoniaauroraevelynmendes__antoniaauroraevelynmendes@igi.com.br,99794-0408
191,Lucas Nathan Guilherme Galvão,64,490.887.248-14,Masculino,lucasnathanguilhermegalvao__lucasnathanguilhermegalvao@senioraereo.com.br,99144-7041
192,Flávia Emily Mariana Fogaça,63,319.040.198-54,Feminino,fflaviaemilymarianafogaca@jovempanfmtaubate.com.br,98676-3327
193,Silvana Vanessa Nunes,57,501.775.857-73,Feminino,silvanavanessanunes-78@quintadoslagos.com.br,98446-4732
194,Ian André Duarte,43,694.729.933-03,Masculino,ianandreduarte_@live.com.pt,98281-5375
195,Isabella Aparecida Sales,63,194.513.153-57,Feminino,isabellaaparecidasales_@unimedsjc.com.br,98112-7578
196,Manuela Nair Almada,23,603.406.509-74,Feminino,manuelanairalmada..manuelanairalmada@progetamos.com.br,99713-8368
197,Nathan Theo Santos,30,872.150.692-22,Masculino,nathantheosantos__nathantheosantos@consultorialk.com.br,99171-8105
198,Fábio Manuel Martins,41,604.231.394-01,Masculino,fabiomanuelmartins_@profiledesign.com.br,99206-5339
199,Daiane Nair Carvalho,68,700.122.708-06,Feminino,daianenaircarvalho-97@yahoo.com.ar,98522-9365
200,Camila Aline Lopes,59,282.247.174-61,Feminino,camilaalinelopes__camilaalinelopes@mosman.com.br,99513-2656
201,José Pedro Henrique Filipe Rocha,34,423.139.470-92,Masculino,josepedrohenriquefiliperocha_@sabesp.com.br,98587-7729
202,Julia Amanda Isabela de Paula,30,857.606.402-24,Feminino,juliaamandaisabeladepaula__juliaamandaisabeladepaula@yahoo.ca,98761-9580
203,Esther Carolina da Cunha,53,790.492.153-78,Feminino,esthercarolinadacunha_@libero.it,98681-1148
204,Vicente Caio Melo,45,977.891.637-36,Masculino,vicentecaiomelo__vicentecaiomelo@regional.com.br,98508-9267
205,Carla Sandra Moura,45,913.573.969-02,Feminino,carlasandramoura-95@msn.com,99512-8774
206,Igor Gustavo Teixeira,29,799.364.567-00,Masculino,igorgustavoteixeira__igorgustavoteixeira@gmx.net,98257-3943
207,Rosa Aline Tereza Alves,44,891.940.007-51,Feminino,rosaalineterezaalves..rosaalineterezaalves@prudential.com,99935-3884
208,Ester Jennifer Elza Nunes,41,625.622.402-78,Feminino,esterjenniferelzanunes..esterjenniferelzanunes@teravida.com.br,99318-6190
209,Fátima Betina Nogueira,19,341.342.756-36,Feminino,fatimabetinanogueira-89@pepsico.com,98552-0486
210,José Breno Lucca Corte Real,69,094.569.894-10,Masculino,jjosebrenoluccacortereal@clinicasilhouette.com.br,98641-3323
211,Leonardo Benedito Kaique Mendes,70,383.077.059-67,Masculino,leonardobeneditokaiquemendes-77@gruposantin.com.br,98808-7434
212,Caleb Emanuel Cauê Santos,63,641.255.512-94,Masculino,ccalebemanuelcauesantos@samsaraimoveis.com.br,99478-1645
213,Larissa Esther Aurora Pereira,73,114.745.407-83,Feminino,larissaestheraurorapereira_@cuppari.com.br,98107-9659
214,Jaqueline Emilly Isis da Paz,37,139.713.957-91,Feminino,jaquelineemillyisisdapaz..jaquelineemillyisisdapaz@operaconstrutora.com.br,98377-5421
215,Manuela Isabella Castro,55,505.061.980-73,Feminino,manuelaisabellacastro-84@vol.com.br,98209-1607
216,Ruan Kauê Pereira,37,521.436.643-46,Masculino,rruankauepereira@alphacandies.com.br,99284-5091
217,Luiza Pietra Sebastiana Moreira,40,963.080.314-37,Feminino,luizapietrasebastianamoreira__luizapietrasebastianamoreira@metododerose.org,99497-7551
218,Roberto Juan Santos,77,728.527.967-67,Masculino,rrobertojuansantos@mavex.com.br,99506-4553
219,Marcelo Sebastião Filipe Brito,43,746.511.980-40,Masculino,marcelosebastiaofilipebrito__marcelosebastiaofilipebrito@naressi.com.br,98214-5745
220,Maitê Bianca Silva,80,345.768.355-72,Feminino,mmaitebiancasilva@infolink.com.br,98547-4416
221,Rita Pietra Andrea Ribeiro,76,670.510.399-03,Feminino,ritapietraandrearibeiro..ritapietraandrearibeiro@macaubas.com,98330-1148
222,Fátima Cláudia Caroline dos Santos,43,690.120.606-21,Feminino,fatimaclaudiacarolinedossantos_@buzatto.pro,98251-5291
223,Mariah Julia Jesus,78,788.977.691-87,Feminino,mariahjuliajesus..mariahjuliajesus@tetrapark.com,99455-3998
224,Caroline Elisa Joana Monteiro,46,130.149.081-42,Feminino,carolineelisajoanamonteiro_@aspadvocacia.com,99162-5597
225,Malu Analu Nascimento,54,203.259.209-66,Feminino,maluanalunascimento..maluanalunascimento@fosjc.unesp.br,98838-4394
226,Luís Mário Carlos Eduardo Teixeira,64,733.742.620-82,Masculino,luismariocarloseduardoteixeira..luismariocarloseduardoteixeira@desir.com.br,99757-5529
227,Igor Martin Caleb da Paz,26,930.636.641-89,Masculino,igormartincalebdapaz..igormartincalebdapaz@arteche.com.br,98711-8649
228,Severino Anderson Filipe da Costa,42,413.191.489-13,Masculino,severinoandersonfilipedacosta-86@toysbrasil.com.br,99701-3120
229,Isabela Sarah Assunção,34,421.793.364-97,Feminino,isabelasarahassuncao..isabelasarahassuncao@mesquita.not.br,98601-8275
230,Lorena Andreia Fernandes,79,593.665.797-36,Feminino,lorenaandreiafernandes__lorenaandreiafernandes@alkbrasil.com.br,98528-4307
231,Louise Mirella Carla Mendes,44,502.611.559-46,Feminino,llouisemirellacarlamendes@mrv.com.br,99175-4653
232,Priscila Tatiane da Rocha,35,660.180.084-83,Feminino,priscilatatianedarocha__priscilatatianedarocha@muricy.com,98276-4857
233,Tomás Roberto Gustavo dos Santos,51,319.422.145-02,Masculino,tomasrobertogustavodossantos-71@nogueiramoura.com.br,99860-4490
234,Aurora Andrea Larissa da Mata,68,715.029.376-03,Feminino,auroraandrealarissadamata..auroraandrealarissadamata@comunikapublicidade.com.br,98837-5225
235,Martin Arthur Ribeiro,25,524.419.623-53,Masculino,martinarthurribeiro..martinarthurribeiro@leiloesjudiciais.com.br,98622-4786
236,Caleb Giovanni Henrique Fernandes,20,430.050.437-70,Masculino,calebgiovannihenriquefernandes..calebgiovannihenriquefernandes@fcacomputers.com.br,99818-8079
237,José Thales Cláudio Dias,18,433.333.403-99,Masculino,josethalesclaudiodias__josethalesclaudiodias@supracolor.com.br,98345-3087
238,Antonella Isabella Bruna Moura,41,353.340.318-12,Feminino,aantonellaisabellabrunamoura@cbaidiomas.com,99405-7011
239,José Marcelo Rodrigues,33,818.380.572-85,Masculino,jjosemarcelorodrigues@leandroreis.com,99147-3686
240,Aparecida Andreia dos Santos,31,156.712.575-14,Feminino,aparecidaandreiadossantos..aparecidaandreiadossantos@opcaoeduca.com.br,98899-0196
241,Davi Carlos Fogaça,47,822.846.215-89,Masculino,davicarlosfogaca_@dye.com.br,98718-9374
242,Mário Manoel Luan Aragão,29,015.587.993-62,Masculino,mariomanoelluanaragao__mariomanoelluanaragao@br.inter.net,99451-5175
243,Lorenzo Edson Rodrigues,18,914.410.728-53,Masculino,lorenzoedsonrodrigues_@toyota.com.br,99877-7197
244,Lívia Laís Aurora Moraes,71,681.708.620-51,Feminino,livialaisauroramoraes..livialaisauroramoraes@netpont.com.br,99567-3352
245,Andrea Elza Alves,40,258.995.029-24,Feminino,andreaelzaalves..andreaelzaalves@db4.com.br,99368-6915
246,Caleb André Ian Gonçalves,66,341.516.679-11,Masculino,calebandreiangoncalves__calebandreiangoncalves@ddfnet.com.br,99632-4376
247,Flávia Luiza Elza Aragão,77,566.511.704-81,Feminino,flavialuizaelzaaragao_@gmalato.com.br,99220-1830
248,Manoel Nelson Jorge Aragão,66,745.959.570-50,Masculino,manoelnelsonjorgearagao__manoelnelsonjorgearagao@ciroconsultoria.com.br,98382-0709
249,Lara Bruna Vanessa da Cunha,33,527.243.425-00,Feminino,larabrunavanessadacunha..larabrunavanessadacunha@scalioni.com.br,98296-4720
250,Yago Francisco Moreira,75,582.453.536-12,Masculino,yagofranciscomoreira-72@maliziaarranjosflorais.com.br,99789-4842
251,Sara Rosa Assis,37,210.777.863-95,Feminino,sararosaassis__sararosaassis@trilhavitoria.com.br,99615-9486
252,Allana Caroline Barbosa,76,255.326.756-86,Feminino,aallanacarolinebarbosa@stricker.eu.com,99734-6576
253,Yasmin Patrícia Alessandra da Rocha,39,320.401.791-51,Feminino,yasminpatriciaalessandradarocha-97@soupelli.com.br,99749-4950
254,Heloise Camila Araújo,21,188.586.810-37,Feminino,heloisecamilaaraujo..heloisecamilaaraujo@gamil.com,99444-4698
255,Tiago Caio Francisco das Neves,80,810.007.757-63,Masculino,ttiagocaiofranciscodasneves@gmindustria.com.br,99540-5433
256,Stefany Alessandra Mariane Campos,66,213.073.236-42,Feminino,stefanyalessandramarianecampos_@mantegassi.com,98438-1328
257,Daiane Lara Rosa Moraes,48,438.446.709-55,Feminino,daianelararosamoraes__daianelararosamoraes@tjrj.jus.br,98584-1294
258,Daniel Carlos Rodrigo Rocha,24,179.311.354-82,Masculino,danielcarlosrodrigorocha_@liv.com,99591-6932
259,Benedita Allana Mariane Aparício,47,238.493.808-82,Feminino,bbeneditaallanamarianeaparicio@sp.gov.br,99275-6368
260,Gustavo Enrico Theo Mendes,19,021.135.613-10,Masculino,gustavoenricotheomendes_@pgpci.com.br,98902-1123
261,Eliane Tânia Peixoto,27,747.750.055-96,Feminino,elianetaniapeixoto__elianetaniapeixoto@sobraer.com.br,99995-4338
262,Márcio Iago Lima,24,796.241.321-27,Masculino,marcioiagolima__marcioiagolima@riobc.com.br,99798-7292
263,Benjamin Fábio Teixeira,36,768.495.335-41,Masculino,benjaminfabioteixeira__benjaminfabioteixeira@sociedadeweb.com.br,99920-6572
264,Tereza Cecília da Mata,80,383.537.405-24,Feminino,terezaceciliadamata-79@tasaut.com.br,98654-0108
265,Nelson Rafael Moreira,30,902.854.748-71,Masculino,nelsonrafaelmoreira-82@abrangenciacorretora.com.br,99247-6333
266,Diogo Manuel Aparício,27,373.009.964-77,Masculino,diogomanuelaparicio-96@solpro.biz,98225-3130
267,Vanessa Clarice Andrea Duarte,70,496.469.970-66,Feminino,vvanessaclariceandreaduarte@grupomegavale.com.br,98541-2466
268,Priscila Natália Melissa Bernardes,71,478.225.249-84,Feminino,priscilanataliamelissabernardes-94@quimicaindaiatuba.com.br,98970-5543
269,Bento Alexandre Luan Teixeira,44,929.602.306-80,Masculino,bentoalexandreluanteixeira_@whgames.com.br,98897-3176
270,Andrea Nina Rocha,43,872.317.795-06,Feminino,andreaninarocha__andreaninarocha@huios.com.br,99224-5554
271,Alessandra Adriana Peixoto,58,681.376.723-20,Feminino,alessandraadrianapeixoto-87@bidoul.eng.br,99522-9436
272,Benedito Caio Theo Drumond,63,723.885.568-21,Masculino,beneditocaiotheodrumond_@adherminer.com.br,99634-8726
273,Andreia Helena Silveira,64,234.250.217-61,Feminino,andreiahelenasilveira..andreiahelenasilveira@ipk.org.br,98589-2858
274,Emanuelly Sabrina Valentina Moreira,38,832.979.235-80,Feminino,emanuellysabrinavalentinamoreira__emanuellysabrinavalentinamoreira@hotmaill.com,99517-6469
275,Francisco Márcio Pedro Henrique Jesus,38,661.122.227-87,Masculino,franciscomarciopedrohenriquejesus-84@unimedsjc.com.br,98636-2489
276,Henrique Benedito Pinto,77,441.976.877-02,Masculino,henriquebeneditopinto_@ruizonline.com.br,98755-6999
277,Ryan Arthur Yuri Brito,74,229.735.597-15,Masculino,ryanarthuryuribrito-92@band.com.br,99355-8516
278,Patrícia Clarice Martins,39,314.419.485-97,Feminino,ppatriciaclaricemartins@deere.com,98109-3281
279,Caroline Aparecida Tatiane Rocha,40,906.364.502-36,Feminino,carolineaparecidatatianerocha..carolineaparecidatatianerocha@lonza.com,98669-9254
280,José Guilherme Cauã Rodrigues,30,622.857.772-72,Masculino,jjoseguilhermecauarodrigues@tecnew.net,98924-1249
281,Alessandra Rita Rosângela Nogueira,36,423.606.353-01,Feminino,alessandraritarosangelanogueira-81@hotmail.con,99232-6932
282,Daniel Samuel Yago Alves,74,336.589.219-27,Masculino,danielsamuelyagoalves_@dcabr.org.br,99694-0973
283,Marcos Paulo Ian Corte Real,66,773.906.193-09,Masculino,marcospauloiancortereal..marcospauloiancortereal@gdsambiental.com.br,98574-2548
284,Filipe Kevin Sebastião Nogueira,79,398.121.826-40,Masculino,filipekevinsebastiaonogueira_@raizen.com,98237-1327
285,Marlene Olivia Vitória Rezende,77,993.327.750-28,Feminino,marleneoliviavitoriarezende-87@jh2consulting.com,99449-0597
286,Julio Severino Marcos Freitas,54,175.547.861-56,Masculino,julioseverinomarcosfreitas_@maggitoyota.com.br,98421-0104
287,Nelson Severino Ferreira,30,928.435.931-74,Masculino,nelsonseverinoferreira..nelsonseverinoferreira@moyageorges.com.br,98396-5117
288,Ana Sueli Isabelly da Costa,40,714.972.284-92,Feminino,aanasueliisabellydacosta@nonesiglio.com.br,98680-9523
289,Luzia Olivia Nogueira,32,747.887.014-72,Feminino,luziaolivianogueira-91@stembalagens.com.br,98469-8476
290,Guilherme Leandro Emanuel Cardoso,40,287.672.215-13,Masculino,guilhermeleandroemanuelcardoso__guilhermeleandroemanuelcardoso@pronursing.com.br,98847-2317
291,Renato João Tomás Monteiro,77,397.555.409-62,Masculino,renatojoaotomasmonteiro-71@aedu.com,98520-0346
292,Roberto Anderson Peixoto,48,959.682.667-08,Masculino,robertoandersonpeixoto__robertoandersonpeixoto@pgpci.com.br,99407-4379
293,Benjamin Davi Emanuel Assis,40,141.486.857-00,Masculino,benjamindaviemanuelassis..benjamindaviemanuelassis@statusseguros.com.br,99229-4197
294,Isaac Severino Tiago Souza,49,718.974.276-03,Masculino,isaacseverinotiagosouza-94@acaoi.com.br,99842-4261
295,Arthur Renato Campos,19,336.693.529-45,Masculino,arthurrenatocampos__arthurrenatocampos@fernandesfilpi.com.br,98946-9866
296,Nelson Guilherme Araújo,60,537.879.623-79,Masculino,nelsonguilhermearaujo..nelsonguilhermearaujo@mega.com.br,98766-4996
297,Manoel Lucas Bento Pinto,74,714.416.511-95,Masculino,manoellucasbentopinto..manoellucasbentopinto@mectron.com.br,98414-4626
298,Sônia Evelyn Betina Gonçalves,70,195.903.129-50,Feminino,soniaevelynbetinagoncalves__soniaevelynbetinagoncalves@novaequipem.com.br,99282-9442
299,Raimundo Ryan Nicolas da Rocha,70,654.804.145-34,Masculino,rraimundoryannicolasdarocha@sistectecnologia.com.br,99142-8141
300,Evelyn Mariane Oliveira,25,536.404.179-41,Feminino,evelynmarianeoliveira_@bol.co.br,98339-4871
301,Yuri Yago Alves,52,640.448.052-29,Masculino,yuriyagoalves__yuriyagoalves@oana.com.br,99261-7932
302,Lucca Felipe Yuri Campos,52,968.575.121-83,Masculino,luccafelipeyuricampos-97@edwardmaluf.com.br,98697-4821
303,Isabelle Eliane da Paz,36,623.876.100-83,Feminino,isabelleelianedapaz__isabelleelianedapaz@sabesp.com.br,98687-8267
304,Samuel André Ricardo Sales,22,876.131.292-41,Masculino,samuelandrericardosales-91@cbsaperfeicoamento.com.br,98141-6423
305,Liz Joana Nascimento,44,065.008.821-21,Feminino,lizjoananascimento-84@jovempanfmtaubate.com.br,98324-6412
306,Caleb Jorge dos Santos,35,303.245.984-24,Masculino,ccalebjorgedossantos@bernardino.co,99659-8846
307,Kauê Rafael Heitor Moura,56,573.551.937-91,Masculino,kauerafaelheitormoura-92@premierpet.com.br,98149-8664
308,César Hugo Francisco Ramos,40,814.071.719-33,Masculino,cesarhugofranciscoramos__cesarhugofranciscoramos@comdados.com,99241-5141
309,Mateus André Antonio Corte Real,56,962.253.643-31,Masculino,mateusandreantoniocortereal_@negocios-de-valor.com,99917-5041
310,Lorenzo Emanuel da Paz,40,799.641.709-12,Masculino,lorenzoemanueldapaz-70@senhorasdaarte.com.br,98286-1238
311,Gael Ryan Corte Real,26,146.079.454-04,Masculino,gaelryancortereal__gaelryancortereal@tlmix.com.br,99630-7641
312,Murilo Heitor Souza,32,921.131.082-24,Masculino,muriloheitorsouza__muriloheitorsouza@icloud.com,98532-7395
313,Samuel Luís João Assunção,34,977.123.513-33,Masculino,samuelluisjoaoassuncao__samuelluisjoaoassuncao@agreonoma.eng.br,99445-5259
314,Amanda Bianca Alana Vieira,53,800.634.269-51,Feminino,aamandabiancaalanavieira@osbocops.com,99127-6816
315,Emanuel Henry Porto,53,299.264.372-65,Masculino,emanuelhenryporto..emanuelhenryporto@hotmail,98297-7044
316,Severino Renato Benjamin Alves,62,170.986.632-20,Masculino,severinorenatobenjaminalves_@tecsysbrasil.com.br,98399-4902
317,Francisco Sérgio Luiz de Paula,60,089.857.348-30,Masculino,franciscosergioluizdepaula__franciscosergioluizdepaula@lojasrayton.com,99782-3781
318,Daniel Thomas Arthur da Mata,68,016.341.468-83,Masculino,danielthomasarthurdamata-95@sha.com.br,99795-4672
319,Vinicius César da Paz,53,385.632.607-31,Masculino,viniciuscesardapaz..viniciuscesardapaz@gmx.net,98916-1790
320,Débora Sueli Freitas,71,885.917.819-37,Feminino,deborasuelifreitas__deborasuelifreitas@manjubinhafilmes.com.br,98623-4685
321,Isis Vitória Castro,19,636.111.900-98,Feminino,isisvitoriacastro..isisvitoriacastro@viavaleseguros.com.br,99168-0101
322,Gustavo Otávio Cauã Mendes,40,715.563.442-52,Masculino,ggustavootaviocauamendes@db9.com.br,98715-0901
323,Sarah Alícia Raquel Figueiredo,38,727.821.286-39,Feminino,sarahaliciaraquelfigueiredo..sarahaliciaraquelfigueiredo@umbernardo.com.br,99345-2834
324,Gabriel Kauê Diogo Costa,80,751.036.976-29,Masculino,ggabrielkauediogocosta@focoreducao.com.br,99680-5849
325,Benjamin Alexandre Almeida,19,829.448.572-15,Masculino,benjaminalexandrealmeida__benjaminalexandrealmeida@termakui.com.br,99496-3119
326,Cauê Iago Caldeira,66,617.956.269-50,Masculino,caueiagocaldeira_@azevedoalves.com.br,98402-2560
327,Raimundo Cauê Levi Baptista,31,669.331.351-52,Masculino,raimundocauelevibaptista__raimundocauelevibaptista@graficajardim.com.br,98858-6853
328,Hadassa Marina Lívia Caldeira,21,019.197.113-84,Feminino,hadassamarinaliviacaldeira_@saopaulo10hotmail.com,98478-4391
329,Heloisa Nair Brito,43,286.077.994-95,Feminino,hheloisanairbrito@tuds.com.br,99983-3075
330,Thales Cláudio Gustavo Moreira,29,347.838.457-51,Masculino,thalesclaudiogustavomoreira..thalesclaudiogustavomoreira@agenciaph.com,98984-1494
331,Rosângela Elaine Francisca Jesus,78,824.483.103-00,Feminino,rosangelaelainefranciscajesus..rosangelaelainefranciscajesus@procivil.com.br,99750-4986
332,Benedito Sérgio Nicolas Barros,18,068.366.784-06,Masculino,bbeneditosergionicolasbarros@cpfl.com.br,98693-6669
333,Levi Igor Oliveira,50,395.244.642-41,Masculino,leviigoroliveira__leviigoroliveira@vivax.com.br,98153-5975
334,Lorenzo José Carlos Eduardo Aragão,78,487.229.646-06,Masculino,lorenzojosecarloseduardoaragao..lorenzojosecarloseduardoaragao@gmail.com,98684-5480
335,Sarah Andreia Ferreira,77,765.037.933-75,Feminino,sarahandreiaferreira-88@telefonica.com,98231-8821
336,Sueli Sophia Mariana Monteiro,39,912.259.165-69,Feminino,suelisophiamarianamonteiro__suelisophiamarianamonteiro@eletrotex.com.br,98499-7443
337,Murilo Arthur Freitas,37,644.507.404-91,Masculino,muriloarthurfreitas..muriloarthurfreitas@dkcarmo.com,99685-8033
338,Matheus Breno Renan Ferreira,58,913.169.179-08,Masculino,matheusbrenorenanferreira-87@andrediaz.com,98239-8515
339,Ayla Marcela Mariana da Costa,66,851.874.704-00,Feminino,aaylamarcelamarianadacosta@allurepesquisa.com.br,99864-5360
340,Louise Cristiane Nair Teixeira,63,361.159.867-45,Feminino,louisecristianenairteixeira-83@saboia.me,99592-0786
341,Maya Marina Araújo,24,040.927.961-70,Feminino,mmayamarinaaraujo@buzatto.pro,99361-3864
342,Martin Carlos Pereira,41,217.684.544-77,Masculino,martincarlospereira-82@chavao.com.br,99442-7445
343,Isis Rebeca Silveira,74,842.523.269-40,Feminino,iisisrebecasilveira@alphacandies.com.br,99877-3557
344,Hadassa Alice Mendes,40,934.462.812-23,Feminino,hadassaalicemendes_@zyb.com.br,98501-8302
345,Manuel André Moura,73,708.309.550-70,Masculino,manuelandremoura__manuelandremoura@enox.com.br,98440-1781
346,Regina Clarice Novaes,44,481.704.531-00,Feminino,reginaclaricenovaes..reginaclaricenovaes@cassianoricardo.com.br,98870-2135
347,Heitor Lucas Benedito Almeida,38,784.579.809-63,Masculino,hheitorlucasbeneditoalmeida@edbrasil.net,99232-1290
348,Bárbara Francisca de Paula,41,421.538.552-09,Feminino,barbarafranciscadepaula..barbarafranciscadepaula@fingrs.com.br,99613-9452
349,Giovana Rita Fogaça,51,376.880.757-69,Feminino,giovanaritafogaca-95@lojascentrodamoda.com.br,99571-7274
350,Sophie Brenda Adriana Cardoso,30,543.528.809-65,Feminino,sophiebrendaadrianacardoso__sophiebrendaadrianacardoso@gameecia.com.br,98859-9411
351,Mateus Arthur Ricardo Bernardes,62,314.055.140-19,Masculino,mateusarthurricardobernardes-82@tce.sp.gov.br,98527-2559
352,Arthur Roberto Davi Novaes,39,802.251.264-86,Masculino,arthurrobertodavinovaes..arthurrobertodavinovaes@hidrara.com.br,99329-6924
353,Ian Lorenzo Márcio Farias,62,136.852.944-58,Masculino,ianlorenzomarciofarias_@alvesbarcelos.com.br,99183-7330
354,Heloisa Alícia Cardoso,64,415.351.274-57,Feminino,hheloisaaliciacardoso@br.rhodia.com,99295-9213
355,Mário Sérgio Igor Corte Real,21,105.604.516-79,Masculino,mariosergioigorcortereal_@cotamtambores.com.br,99769-7290
356,Marcos Raul Fernando Pinto,79,443.774.130-74,Masculino,marcosraulfernandopinto_@dicid.com.br,98782-6970
357,Heloisa Andreia Malu da Luz,61,605.228.927-95,Feminino,hheloisaandreiamaludaluz@cantinadafazenda.com.br,98442-0096
358,Henrique Raul Moura,62,990.927.942-87,Masculino,henriqueraulmoura_@regional.com.br,98985-6239
359,Raquel Aurora Lorena Ferreira,34,422.155.040-64,Feminino,rraquelauroralorenaferreira@mnproducoes.com,99322-5810
360,Bruno Sebastião Lucca Aparício,39,179.163.792-28,Masculino,bbrunosebastiaoluccaaparicio@ddfnet.com.br,99482-6601
361,Márcia Flávia Pereira,41,771.370.126-55,Feminino,marciaflaviapereira..marciaflaviapereira@tanby.com.br,99774-0269
362,Carolina Benedita Cavalcanti,64,988.377.042-16,Feminino,ccarolinabeneditacavalcanti@uou.com.br,98314-0845
363,Tomás Julio Sebastião Brito,24,258.777.438-13,Masculino,ttomasjuliosebastiaobrito@orteca.com.br,98962-0614
364,Elaine Bruna Assis,38,286.661.446-10,Feminino,elainebrunaassis-99@valedesign.com.br,99110-4672
365,Andrea Rosa Valentina Cardoso,26,166.879.334-26,Feminino,andrearosavalentinacardoso_@emcinfo.com.br,98373-0746
366,Juan Ruan Ramos,33,827.614.536-11,Masculino,jjuanruanramos@inglesasset.com.br,98819-9981
367,Laís Patrícia Vieira,42,385.535.603-33,Feminino,laispatriciavieira-70@wnetrj.com.br,99471-2376
368,Luís Marcelo Samuel Figueiredo,48,550.281.954-04,Masculino,luismarcelosamuelfigueiredo..luismarcelosamuelfigueiredo@purkyt.com,99118-4738
369,Breno Renato Viana,36,497.417.103-80,Masculino,brenorenatoviana__brenorenatoviana@charquesorocaba.com.br,98906-1295
370,Eduarda Betina Teixeira,80,929.023.476-85,Feminino,eeduardabetinateixeira@mnproducoes.com,99727-0283
371,Daniel Igor Paulo Duarte,64,113.836.691-98,Masculino,danieligorpauloduarte_@jp.ind.br,99600-7381
372,Betina Lavínia Hadassa Galvão,65,857.790.162-91,Feminino,bbetinalaviniahadassagalvao@lavorosjc.com.br,98339-0961
373,Bárbara Clara Maitê Moreira,72,920.794.173-20,Feminino,barbaraclaramaitemoreira_@2emesconstrutora.com.br,98702-4016
374,Edson Caleb Dias,48,061.811.356-85,Masculino,eedsoncalebdias@vnews.com.br,99602-1427
375,Igor Renato Fernando Figueiredo,39,489.612.119-86,Masculino,igorrenatofernandofigueiredo__igorrenatofernandofigueiredo@gtx.ag,98294-5983
376,Kamilly Rosa da Luz,26,339.523.448-77,Feminino,kamillyrosadaluz-75@texfuse.com.br,98742-9886
377,Valentina Rosângela Nogueira,80,680.369.923-45,Feminino,valentinarosangelanogueira-93@itau-unibanco.com.br,98192-4210
378,Daniel Alexandre Figueiredo,45,639.760.981-24,Masculino,danielalexandrefigueiredo__danielalexandrefigueiredo@grupoannaprado.com.br,99129-5636
379,Jennifer Sebastiana Patrícia das Neves,37,961.338.271-22,Feminino,jjennifersebastianapatriciadasneves@supracolor.com.br,98208-5944
380,Bento Henrique Carvalho,46,251.785.334-70,Masculino,bbentohenriquecarvalho@haldex.com,98706-2438
381,Francisco Lorenzo Victor Monteiro,70,089.653.428-64,Masculino,ffranciscolorenzovictormonteiro@alphacandies.com.br,99119-8711
382,Otávio Bruno Rafael Novaes,58,774.254.652-30,Masculino,otaviobrunorafaelnovaes..otaviobrunorafaelnovaes@coldblock.com.br,99347-9219
383,Nicolas Juan Caio Novaes,29,307.790.918-92,Masculino,nicolasjuancaionovaes..nicolasjuancaionovaes@etec.sp.gov.br,99143-2977
384,César Kauê Rafael Nogueira,64,221.957.967-07,Masculino,cesarkauerafaelnogueira_@bol.br,98546-7590
385,Ian Luan Isaac Silva,44,998.848.272-81,Masculino,ianluanisaacsilva-89@edu.uniso.br,98895-4941
386,Mirella Isabelle Almada,75,245.283.407-63,Feminino,mmirellaisabellealmada@p4ed.com,99753-6835
387,Analu Daniela Gomes,68,401.669.876-62,Feminino,analudanielagomes-95@original-veiculos.com.br,98361-0551
388,Luana Isadora Brenda Santos,42,395.595.409-98,Feminino,luanaisadorabrendasantos_@ematelecom.com.br,99620-3342
389,Priscila Lara Patrícia Silva,71,430.507.445-10,Feminino,ppriscilalarapatriciasilva@golinelli.eti.br,99493-2790
390,Gabriel Danilo Heitor Fernandes,70,878.531.212-61,Masculino,gabrieldaniloheitorfernandes_@statusseguros.com.br,98123-8937
391,Luiza Maya Gomes,72,108.422.724-02,Feminino,luizamayagomes-84@estruturalbr.com.br,98436-0881
392,Eliane Lúcia Ramos,18,671.471.805-50,Feminino,elianeluciaramos..elianeluciaramos@hotmail.co.uk,98558-5541
393,Sophia Sueli Melissa Cardoso,59,962.341.803-53,Feminino,ssophiasuelimelissacardoso@mpv.org.br,98712-3094
394,Larissa Silvana Rezende,65,286.162.323-38,Feminino,larissasilvanarezende-80@larioja.com.br,98942-2918
395,Carlos Giovanni Martins,28,828.649.893-36,Masculino,carlosgiovannimartins..carlosgiovannimartins@kuehne-nagel.com,99111-2113
396,Olivia Adriana Drumond,68,753.622.852-03,Feminino,ooliviaadrianadrumond@metalplasma.com.br,99604-3198
397,Sarah Isabelle Betina Sales,76,251.551.522-32,Feminino,ssarahisabellebetinasales@protenisbarra.com.br,99344-1163
398,Emilly Emanuelly Elisa Assunção,74,992.959.056-01,Feminino,eemillyemanuellyelisaassuncao@camarasjc.sp.gov.br,98240-0369
399,Isabelle Rafaela Gabriela das Neves,79,802.723.907-98,Feminino,isabellerafaelagabrieladasneves__isabellerafaelagabrieladasneves@bitco.cc,99335-2983
400,Davi Samuel Luan Teixeira,57,141.047.065-23,Masculino,ddavisamuelluanteixeira@spamgourmet.com,98554-2557
401,Bento Luiz Galvão,24,915.946.259-05,Masculino,bentoluizgalvao__bentoluizgalvao@carubelli.com.br,98788-7924
402,Eduardo Noah Rodrigo Moura,71,752.981.357-90,Masculino,eduardonoahrodrigomoura..eduardonoahrodrigomoura@vitacard.com.br,99849-6198
403,Natália Adriana Dias,65,860.944.829-05,Feminino,nataliaadrianadias_@kinouchi.com.br,99723-4295
404,Jorge Lucca Caldeira,18,891.254.889-10,Masculino,jorgeluccacaldeira_@kaynak.com.br,98945-9784
405,Isaac Calebe Carvalho,44,855.934.503-58,Masculino,isaaccalebecarvalho_@gaviola.com,99265-6799
406,Flávia Melissa Monteiro,71,997.500.227-77,Feminino,flaviamelissamonteiro-83@navescorat.com.br,98698-2471
407,Pedro Henrique Thomas Souza,64,381.429.248-03,Masculino,ppedrohenriquethomassouza@cheryamur.com.br,98565-2784
408,Gustavo Arthur Augusto Martins,39,148.528.837-18,Masculino,gustavoarthuraugustomartins..gustavoarthuraugustomartins@arbitral.com,98631-9836
409,Eduardo Ricardo Almeida,20,370.785.022-64,Masculino,eduardoricardoalmeida__eduardoricardoalmeida@monetto.com.br,98753-7091
410,Elza Laura Carvalho,56,070.461.570-30,Feminino,elzalauracarvalho_@sercoti.com.br,99596-0034
411,Fernando Samuel Barbosa,33,147.798.283-33,Masculino,ffernandosamuelbarbosa@webin.com.br,98181-3050
412,Raul Rodrigo Pedro da Rocha,77,386.942.584-98,Masculino,raulrodrigopedrodarocha_@comdados.com,99848-7913
413,Nicole Stefany Fernanda Pires,70,898.813.304-83,Feminino,nicolestefanyfernandapires__nicolestefanyfernandapires@isometro.com.br,99584-3634
414,Igor Erick Mateus Nascimento,33,554.124.718-70,Masculino,iigorerickmateusnascimento@tribunaimpressa.com.br,98246-6411
415,Luiz Danilo Marcelo da Paz,63,771.955.860-06,Masculino,luizdanilomarcelodapaz-83@gradu.if.ufrj.br,98621-5031
416,Brenda Tânia Eduarda Brito,55,452.932.887-25,Feminino,brendataniaeduardabrito-77@inductothermgroup.com.br,98667-0048
417,Isabel Carla da Cunha,42,270.474.816-05,Feminino,isabelcarladacunha..isabelcarladacunha@clubedorei.com.br,99593-8210
418,Pietra Fátima Silveira,23,384.912.979-95,Feminino,pietrafatimasilveira-76@r7.com,98252-4671
419,Luan Isaac Corte Real,45,966.850.384-89,Masculino,luanisaaccortereal-90@astconsult.com.br,98886-8016
420,Jaqueline Julia Cláudia Assis,70,034.045.461-05,Feminino,jaquelinejuliaclaudiaassis_@operaconstrutora.com.br,99475-2548
421,Augusto José dos Santos,64,866.194.750-27,Masculino,augustojosedossantos_@scuderiagwr.com.br,98527-1658
422,Carlos Eduardo Kevin Fogaça,55,618.865.658-30,Masculino,ccarloseduardokevinfogaca@icloub.com,99790-3006
423,Benedito Kaique Henrique Vieira,80,875.056.261-40,Masculino,bbeneditokaiquehenriquevieira@andrediaz.com,98175-0566
424,Bárbara Luzia Raimunda Duarte,53,033.288.727-87,Feminino,bbarbaraluziaraimundaduarte@adiretoria.com.br,99727-7171
425,Manuela Ayla Araújo,38,601.873.592-02,Feminino,manuelaaylaaraujo__manuelaaylaaraujo@yhaoo.com.br,98797-0229
426,Sabrina Cláudia Rodrigues,30,572.314.632-74,Feminino,sabrinaclaudiarodrigues__sabrinaclaudiarodrigues@deze7.com.br,98909-8446
427,Davi Marcos Alves,75,560.938.820-12,Masculino,davimarcosalves..davimarcosalves@demasi.com.br,99217-0539
428,Benjamin Leonardo Gael Gomes,47,017.989.463-35,Masculino,benjaminleonardogaelgomes..benjaminleonardogaelgomes@telecall.com,98983-4778
429,Isis Esther Farias,74,150.062.642-25,Feminino,isisestherfarias-93@drimenezes.com,98810-3749
430,Eduardo Bruno Moreira,32,326.076.474-79,Masculino,eduardobrunomoreira..eduardobrunomoreira@hotmmail.com,99608-7397
431,Débora Heloisa Silva,48,579.320.549-74,Feminino,deboraheloisasilva-72@muricy.com,99203-5532
432,Eliane Valentina Fernandes,26,279.665.863-59,Feminino,elianevalentinafernandes_@redhouse.com.br,99795-8120
433,Alessandra Regina Isis Castro,49,702.018.202-00,Feminino,alessandrareginaisiscastro__alessandrareginaisiscastro@performa.com.br,98552-9278
434,Maitê Eduarda Almada,32,317.017.159-37,Feminino,maiteeduardaalmada__maiteeduardaalmada@iclaud.com,99902-1307
435,Sabrina Rita Sophia Barros,59,086.675.871-25,Feminino,sabrinaritasophiabarros..sabrinaritasophiabarros@infortec.com.br,99842-1929
436,Emily Regina Isabel Santos,21,322.998.111-17,Feminino,emilyreginaisabelsantos__emilyreginaisabelsantos@corpus.com.br,98327-2040
437,Pedro Felipe da Mota,20,688.841.282-26,Masculino,pedrofelipedamota..pedrofelipedamota@power.alstom.com,99140-0591
438,Anderson Diogo Pereira,24,689.279.291-01,Masculino,andersondiogopereira__andersondiogopereira@toysbrasil.com.br,99590-6148
439,Nelson Ricardo das Neves,22,096.808.047-20,Masculino,nelsonricardodasneves-76@kaynak.com.br,99999-3610
440,Kamilly Pietra Raimunda Ferreira,54,237.461.862-50,Feminino,kamillypietraraimundaferreira_@id.uff.br,98421-4338
441,Marcos Tomás Luís Figueiredo,78,855.470.558-08,Masculino,marcostomasluisfigueiredo-81@prlme.com.br,99137-7254
442,Benedita Sara Emanuelly Fernandes,67,640.456.505-63,Feminino,beneditasaraemanuellyfernandes-94@nhrtaxiaereo.com,98109-7053
443,Otávio Caleb Márcio da Cunha,73,611.421.622-90,Masculino,otaviocalebmarciodacunha..otaviocalebmarciodacunha@netjacarei.com.br,99893-9181
444,Henry André Nogueira,42,530.896.021-64,Masculino,henryandrenogueira-73@prcondominios.com.br,98398-4191
445,Gabriel Sérgio Porto,19,949.868.747-13,Masculino,gabrielsergioporto..gabrielsergioporto@superig.com.br,98296-1368
446,Gustavo João Castro,68,679.913.268-96,Masculino,ggustavojoaocastro@band.com.br,98562-3903
447,Marcelo Nathan Bryan Cardoso,32,484.192.731-04,Masculino,marcelonathanbryancardoso-78@holtmail.com,98114-7544
448,Allana Eliane Melo,18,825.553.559-44,Feminino,aallanaelianemelo@azulcargo.com.br,98478-4981
449,Alexandre Henrique Roberto Silveira,60,364.596.621-85,Masculino,alexandrehenriquerobertosilveira-76@msltecnologia.com.br,99737-4601
450,Augusto Julio Elias Barbosa,49,742.292.878-60,Masculino,aaugustojulioeliasbarbosa@ravi.com.br,99650-0338
451,Carolina Analu da Mota,35,613.681.088-30,Feminino,carolinaanaludamota_@regional.com.br,98931-2802
452,Jennifer Antônia Isabel Oliveira,39,341.510.465-69,Feminino,jjenniferantoniaisabeloliveira@unipsicotaubate.com.br,98398-1815
453,Emanuel Sebastião Cauê Martins,24,574.334.891-00,Masculino,emanuelsebastiaocauemartins..emanuelsebastiaocauemartins@detorsul.com,98966-0127
454,Olivia Laura da Paz,53,262.362.102-09,Feminino,olivialauradapaz-79@brws.com.br,99481-8796
455,Thomas Hugo Martins,72,573.869.315-90,Masculino,thomashugomartins_@emerson.com,99949-9647
456,Simone Mariah Betina Viana,56,715.177.976-32,Feminino,simonemariahbetinaviana_@numero.com.br,99299-7624
457,Sarah Camila da Luz,64,418.848.450-02,Feminino,ssarahcamiladaluz@accor.com.br,98879-5107
458,João Paulo Henry de Paula,27,856.108.510-09,Masculino,jjoaopaulohenrydepaula@htomail.com,99522-2018
459,Brenda Laís Sara Bernardes,63,201.580.318-14,Feminino,bbrendalaissarabernardes@kascher.com.br,98479-1271
460,Rosa Juliana Novaes,30,337.464.906-85,Feminino,rosajuliananovaes-82@vhbadvogados.com.br,98422-8995
461,Carolina Gabrielly Andreia Silveira,36,818.635.255-48,Feminino,carolinagabriellyandreiasilveira-74@mpv.org.br,99688-3281
462,Sabrina Aline Barros,25,952.272.503-08,Feminino,sabrinaalinebarros-74@viacorte.com.br,98496-5053
463,Ricardo Mário Henrique Sales,38,824.865.175-45,Masculino,rricardomariohenriquesales@teofilorezende.com.br,98241-3900
464,Bruno Murilo Tiago da Rocha,72,233.897.064-02,Masculino,brunomurilotiagodarocha__brunomurilotiagodarocha@integrasjc.com.br,98258-0396
465,Joaquim Geraldo Sérgio das Neves,69,660.151.988-00,Masculino,jjoaquimgeraldosergiodasneves@vegacon.com.br,98200-3079
466,Gabriela Vera Isadora da Mata,26,391.049.843-40,Feminino,gabrielaveraisadoradamata-89@recatec.com.br,98805-7804
467,Tereza Antônia Cláudia Souza,57,034.573.509-90,Feminino,terezaantoniaclaudiasouza-94@recatec.com.br,99962-7195
468,Maria Marlene Manuela Bernardes,76,226.232.371-23,Feminino,mariamarlenemanuelabernardes_@onvale.com,99664-9772
469,Giovana Antônia Lúcia Galvão,55,174.904.235-54,Feminino,giovanaantonialuciagalvao__giovanaantonialuciagalvao@kaynak.com.br,99536-0112
470,Lívia Betina Rocha,68,954.088.851-43,Feminino,liviabetinarocha_@click21.com.br,98910-7414
471,Adriana Sophia Fernandes,62,705.707.749-18,Feminino,aadrianasophiafernandes@ambarnet.com.br,98299-9038
472,João Diego Lopes,61,174.844.119-14,Masculino,jjoaodiegolopes@acaoi.com.br,98499-0327
473,Enrico Renan Davi Nascimento,55,696.579.141-16,Masculino,eenricorenandavinascimento@jp.ind.br,98534-4214
474,Manoel Ryan da Rosa,45,633.784.009-78,Masculino,manoelryandarosa-74@pisbrasil.com.br,99473-6653
475,Sônia Marina Lívia Gomes,38,490.366.635-20,Feminino,soniamarinaliviagomes..soniamarinaliviagomes@maptec.com.br,99102-3764
476,Antonella Flávia Aparecida Sales,57,278.706.394-27,Feminino,antonellaflaviaaparecidasales..antonellaflaviaaparecidasales@jeffersonbarroso.com.br,99793-4697
477,Otávio Anderson da Luz,34,270.979.666-02,Masculino,otavioandersondaluz__otavioandersondaluz@tcotecnologia.com.br,99676-8826
478,Luzia Elaine Vitória Rezende,65,907.355.243-51,Feminino,luziaelainevitoriarezende_@comunikapublicidade.com.br,99256-9436
479,Oliver Henrique Antonio Martins,72,348.005.598-20,Masculino,ooliverhenriqueantoniomartins@doublesp.com.br,98563-3309
480,Raimundo Nicolas Otávio Araújo,41,964.055.017-52,Masculino,raimundonicolasotavioaraujo__raimundonicolasotavioaraujo@tivit.com.br,99638-7673
481,Marcos Bryan Teixeira,36,884.868.431-97,Masculino,marcosbryanteixeira..marcosbryanteixeira@tce.sp.gov.br,99655-4032
482,Eduardo Carlos Eduardo Fogaça,51,386.885.431-27,Masculino,eduardocarloseduardofogaca__eduardocarloseduardofogaca@inglesasset.com.br,99270-8946
483,Iago Fernando Edson Figueiredo,18,948.126.376-27,Masculino,iiagofernandoedsonfigueiredo@elimco.com,99228-2891
484,Andreia Luiza Assunção,34,016.687.037-42,Feminino,andreialuizaassuncao..andreialuizaassuncao@publifix.com.br,99306-5407
485,Luiza Sarah da Mata,52,177.517.282-13,Feminino,lluizasarahdamata@indaseg.com.br,99713-2291
486,Mariana Elaine da Luz,33,371.187.851-21,Feminino,marianaelainedaluz-95@acmorgado.com.br,99637-9747
487,Raimunda Isadora Ramos,78,496.442.359-08,Feminino,raimundaisadoraramos_@geniustyres.com.br,99516-4379
488,Lúcia Jaqueline Carla da Paz,30,167.205.756-60,Feminino,lluciajaquelinecarladapaz@lordello.com.br,99665-7213
489,Carlos Igor Pedro Henrique Vieira,58,558.932.047-00,Masculino,carlosigorpedrohenriquevieira__carlosigorpedrohenriquevieira@mavex.com.br,98643-2044
490,Agatha Manuela Isabelly Ramos,31,327.336.472-61,Feminino,agathamanuelaisabellyramos-89@agsolve.com.br,98233-0676
491,Thomas Ian Guilherme Jesus,52,275.077.589-23,Masculino,thomasianguilhermejesus..thomasianguilhermejesus@sistectecnologia.com.br,99819-3994
492,Mirella Carla Fabiana da Cruz,45,860.808.043-52,Feminino,mirellacarlafabianadacruz..mirellacarlafabianadacruz@bitco.cc,98232-6147
493,Henry Emanuel Fábio da Cunha,37,637.404.848-29,Masculino,henryemanuelfabiodacunha..henryemanuelfabiodacunha@gamal.com.br,98608-8887
494,Guilherme Caleb Porto,57,871.562.560-50,Masculino,guilhermecalebporto-74@icloud.con,98637-1437
495,Nelson Rodrigo Luan Mendes,67,062.856.493-75,Masculino,nelsonrodrigoluanmendes_@igi.com.br,98464-1589
496,Emilly Rosângela Nair da Cruz,23,093.378.863-08,Feminino,emillyrosangelanairdacruz-81@dcazzainteriores.com.br,98762-2228
497,Paulo Marcos Lucas Teixeira,45,148.675.399-02,Masculino,paulomarcoslucasteixeira_@baptistas.com.br,98295-6460
498,Simone Agatha Rodrigues,44,169.773.001-91,Feminino,ssimoneagatharodrigues@edbrasil.net,99707-1147
499,Jéssica Aparecida Laís da Cruz,71,278.601.369-02,Feminino,jessicaaparecidalaisdacruz-74@yahoo.com.br,99310-0238
